Workbook

Sheet Formato
B6: =UPPER("F-SER-034 Prueba de Desempeño de Sistema de Bombeo ") -> F-SER-034 PRUEBA DE DESEMPEÑO DE SISTEMA DE BOMBEO
C7: Nombre de la empresa: | R7: Courtyard by Marriott Mazatlán Beach Resort | BS7: Ciudad y Estado: | CC7: MAZATLAN, SINALOA
C8: Nombre del contacto(s): | R8: JORGE ESCOBAR | BE8: Sistema: | BK8: BOMBA ELECTRICA | CC8: MAZATLAN, SINALOA
B9: DATOS DEL EQUIPO
C11: BOMBA: | L11: Horizontal | T11: x | V11: Vertical | AH11: Marca: | AM11: AC FIRE PUMP | BI11: Modelo: | BN11: FP110HC-750 | CM11: X | CO11: Aprobada | CZ11: No Aprobada
J13: Número de serie: | AO13: Diámetro de impulsor: | BB13: 8.06
J15: Datos nominales: | T15: 3000 | Z15: GPM | AE15: 150 | AK15: PSI | AP15: 1800 | AV15: RPM | BA15: Máxima presión desarrollada: | BR15: 190 | BX15: PSI | CC15: Presión al 150 % de capacidad: | CU15: 115 | DA15: PSI
J17: Cabezal de engranes: | W17: Marca: | AS17: Modelo: | BQ17: Número de serie: | CA17: R2003133 | CS17: Relación:
C20: MOTOR: | L20: Diésel | T20: X | V20: Eléctrico | AH20: Marca: | AM20: NIDEC | BI20: Modelo: | BN20: 7322BEM | CM20: X | CO20: Aprobado | CZ20: No Aprobado
J22: Número de serie: | T22: B04201923230001 | AO22: 1780 | AU22: RPM | AZ22: 150 | BF22: HP | BJ22: Motores eléctricos: | BV22: 240 | CB22: Volts | CH22: 328 | CN22: F.L.A. | CS22: Factor de servicio: | DD22: 1.14
C25: CONTROLADOR: | N25: Marca: | S25: EATON | AO25: Modelo: | AT25: FD-70-150-B-L1 | BP25: Voltaje: | BU25: 240 | CC25: Volts | CM25: X | CO25: Aprobado | CZ25: No Aprobada
J27: Número de serie: | T27: 16F3335E | AM27: Modo de operación: | BB27: Manual | BI27: X | BK27: Automático | BT27: Presión de arranque: | CF27: 210 | CL27: PSI | CP27: Presión de paro: | DF27: PSI
C30: ALMACENAMIENTO DE AGUA: | Y30: Tanque | AF30: X | AH30: Cisterna | AO30: Columna de agua: | AZ30: 15 | BF30: Pies | BK30: =AZ30/2.31 -> 6.4935065 | BQ30: PSI | BV30: Capacidad: | CC30: 400 M3
B32: DESEMPEÑO - RESULTADO DE PRUEBA DE CAMPO
B33: Realizar inspecciones preliminares del sistema y verificar que las condiciones sean adecuadas para su operación antes de realizar las pruebas. Anote los valores solicitados según corresponda:
D35: % Flujo | J35: Flujo (GPM) | Q35: Velocidad (RPM) | X35: Presión de descarga (PSI) | AE35: Presión de succión (PSI) | AL35: Presión neta (PSI) | AS35: Corriente (flujo) | CE35: Voltaje | CT35: Amperaje
AS36: Cantidad | AZ36: Tamaño(s) | BG36: Presión 1 | BM36: Presión 2 | BS36: Presión 3 | BY36: Presión 4 | CE36: A-B | CJ36: A-C | CO36: B-C | CT36: A | CY36: B | DD36: C
D37: =J37/$T$15*100 -> 0 | J37: 0 | Q37: 1811 | X37: 180 | AE37: 7 | AL37: =X37-AE37 -> 173
D38: =J38/$T$15*100 -> 50 | J38: 1500 | Q38: 1805 | X38: 170 | AE38: 6.5 | AL38: =X38-AE38 -> 163.5
D39: =J39/$T$15*100 -> 100 | J39: 3000 | Q39: 1800 | X39: 155 | AE39: 6.5 | AL39: =X39-AE39 -> 148.5
D40: =J40/$T$15*100 -> 125 | J40: 3750 | Q40: 1790 | X40: 135 | AE40: 6 | AL40: =X40-AE40 -> 129
D41: =J41/$T$15*100 -> 150 | J41: 4500 | Q41: 1783 | X41: 115 | AE41: 5.5 | AL41: =X41-AE41 -> 109.5
B43: CONCLUSIONES
C44: Al realizar el análisis de la gráfica adjunta, comparando los resultados obtenidos ajustados a velocidad nominal de la bomba contra los datos de fábrica del equipo, se determina que el desempeño de la motobomba contra incendios es: | AB44: NFPA-25 (2017) 8.3.7.3 - El ensamble de bomba contra incendio deberá considerarse aceptable si cualquiera de las siguientes condiciones se presenta durante las pruebas: (1) La prueba resulta en no menos del 95 porciento de la presión a flujo nominal y presión nominal de la curva de la prueba de aceptación de campo, siempre y cuando la curva de la prueba de aceptación coincida con la curva original certificada de la bomba utilizando factores teóricos. (2) La bomba contra incendio es no menos del 95 porciento de las características de desempeño indicadas en la placa de la bomba. | CI44: COMENTARIOS
CH45: No fue aceptada por NFPA 25 debido a que en la succion no
CH46: se cumple con los criterios de distancia antes del primer
CH47: cambio de direccion.
E50: X | H50: Aceptable | R50: No Aceptable | AB50: En base a lo anterior, se determina que el resultado es: | BH50: X | BK50: Aceptable | BU50: No Aceptable
C52: Nombre y firma de quien realiza el servicio: | AQ52: Nombre y firma de quien acepta el servicio: | CE52: Tiempo de ejecución: | CU52: Fecha de ejecución:
B53: BERNARDO MORENO VILLALOBOS | CE53: 1 HR | CU53: 21/10/21
CY54: Página 1 de 2

Sheet Grafica
B6: =UPPER("F-SER-034 Prueba de Desempeño de Sistema de Bombeo ") -> F-SER-034 PRUEBA DE DESEMPEÑO DE SISTEMA DE BOMBEO
C7: Nombre de la empresa: | R7: Courtyard by Marriott Mazatlán Beach Resort | BS7: Ciudad y Estado: | CC7: MAZATLAN, SINALOA
C8: Nombre del contacto(s): | R8: JORGE ESCOBAR | BE8: Sistema: | BK8: BOMBA ELECTRICA | CW8: VTA: | DA8: =Formato!DB8
D10: Desempeño en prueba | AV10: Ajuste de velocidad | BS10: Datos de fábrica | CP10: Aceptación NFPA 25 (-5%)
D11: % Flujo | K11: Flujo (GPM) | R11: Velocidad (RPM) | Y11: Presión de descarga (PSI) | AF11: Presión de succión (PSI) | AM11: Presión neta (PSI) | AV11: Flujo (GPM) | BC11: Velocidad (RPM) | BJ11: Presión neta (PSI) | BS11: Flujo (GPM) | BZ11: Velocidad (RPM) | CG11: Presión neta (PSI) | CP11: Flujo (GPM) | CW11: Velocidad (RPM) | DD11: Presión neta (PSI)
D13: =Formato!D37:I37 -> 0 | K13: =Formato!J37 -> 0 | R13: =Formato!Q37 -> 1811 | Y13: =Formato!X37 -> 180 | AF13: =Formato!AE37 -> 7 | AM13: =Formato!AL37 -> 173 | AV13: =K13 -> 0 | BC13: =Formato!$AP$15 -> 1800 | BJ13: =AM13*(Grafica!BC13/R13)^2 -> 170.90478 | BS13: 0 | BZ13: =Formato!AP15 -> 1800 | CG13: =Formato!BR15 -> 190 | CP13: 0 | CW13: =Formato!AP15 -> 1800 | DD13: =CG13*0.95 -> 180.5
D14: =Formato!D38:I38 -> 50 | K14: =Formato!J38 -> 1500 | R14: =Formato!Q38 -> 1805 | Y14: =Formato!X38 -> 170 | AF14: =Formato!AE38 -> 6.5 | AM14: =Formato!AL38 -> 163.5 | AV14: =K14 -> 1500 | BC14: =Formato!$AP$15 -> 1800 | BJ14: =AM14*(Grafica!BC14/R14)^2 -> 162.59544 | BS14: =Formato!T15 -> 3000 | BZ14: =Formato!AP15 -> 1800 | CG14: =Formato!AE15 -> 150 | CP14: =Formato!T15 -> 3000 | CW14: =Formato!AP15 -> 1800 | DD14: =CG14*0.95 -> 142.5
D15: =Formato!D39:I39 -> 100 | K15: =Formato!J39 -> 3000 | R15: =Formato!Q39 -> 1800 | Y15: =Formato!X39 -> 155 | AF15: =Formato!AE39 -> 6.5 | AM15: =Formato!AL39 -> 148.5 | AV15: =K15 -> 3000 | BC15: =Formato!$AP$15 -> 1800 | BJ15: =AM15*(Grafica!BC15/R15)^2 -> 148.5 | BS15: =BS14*1.5 -> 4500 | BZ15: =Formato!AP15 -> 1800 | CG15: =Formato!CU15 -> 115 | CP15: =CP14*1.5 -> 4500 | CW15: =Formato!AP15 -> 1800 | DD15: =CG15*0.95 -> 109.25
D16: =Formato!D40:I40 -> 125 | K16: =Formato!J40 -> 3750 | R16: =Formato!Q40 -> 1790 | Y16: =Formato!X40 -> 135 | AF16: =Formato!AE40 -> 6 | AM16: =Formato!AL40 -> 129 | AV16: =K16 -> 3750 | BC16: =Formato!$AP$15 -> 1800 | BJ16: =AM16*(Grafica!BC16/R16)^2 -> 130.44537
D17: =Formato!D41:I41 -> 150 | K17: =Formato!J41 -> 4500 | R17: =Formato!Q41 -> 1783 | Y17: =Formato!X41 -> 115 | AF17: =Formato!AE41 -> 5.5 | AM17: =Formato!AL41 -> 109.5 | AV17: =K17 -> 4500 | BC17: =Formato!$AP$15 -> 1800 | BJ17: =AM17*(Grafica!BC17/R17)^2 -> 111.59801
B38: Nombre y firma de quien realiza el servicio: | AQ38: Nombre y firma de quien acepta el servicio: | CF38: Tiempo de ejecución: | CW38: Fecha de ejecución:
B39: BERNARDO MORENO VILLALOBOS | CF39: 1 HR | CW39: 21/10/21
CX40: Página 2 de 2
